id,user_name,first_name,last_name,country,role,primary_language_id,email,auth_type,salt,hashed_password,mute_notifications,is_banned,ban_id,two_factor_enabled,is_verified,two_factor_secret,avatar_data,github,twitter,linkedin,created_at,updated_at,deleted_at,following,followers
92af04b7-66c4-432b-addf-b72295808220,achang,Billy,Sheppard,Libyan Arab Jamahiriya,admin,py,thull@example.com,email,34667b22140b065abec9da9215d21bf188a435a0,5e9fa693b341934532a9db6c4dfea768382cf07aa222e73613cfb85e42c43f9d,True,False,d98bbb16-3543-4aa2-bdc0-e433be6e3b09,True,True,4f2921a52428ccacfe6bcc8627aa869875f81398,https://placekitten.com/194/513,https://github.com/kyleblair,https://twitter.com/thomas15,https://linkedin.com/in/ostewart,1744142258,1744288004,,[],[]
3310e3cf-23ee-4436-8e1d-8d722b321135,tammywoods,Michelle,Green,Sri Lanka,admin,py,davismary@example.net,google,08905db1da887376dbc4b058b7b56bbc6cb5d437,06e8d3012e05f516997d3b671a50b8daa7de7d7b14d6020a93cdd367028d0539,True,False,5887a866-b7dc-4e94-ba35-449581d4788d,False,True,8e448c6b15a4f8622830072f1c00edfeca81cdd8,https://picsum.photos/666/128,https://github.com/johnponce,https://twitter.com/udavis,https://linkedin.com/in/jrodriguez,1744028130,1744288004,,[],[]
bdacaa01-f424-41c2-9b5d-382fe0c37af2,jasmine85,Lisa,Fernandez,South Georgia and the South Sandwich Islands,admin,js,sean96@example.com,email,c273611fe01bff39ae8abf9b7bd93941862f14b1,1099a8adf92a807afbb663ab91d3fdc8c4f70166d3d99d69937597cdf6620ef4,True,False,720b83ab-9274-46bd-bb18-d4b07d228130,True,False,0c6140315e968674d7a736d55eed2084a0621939,https://picsum.photos/532/975,https://github.com/sheltondavid,https://twitter.com/sandrakirby,https://linkedin.com/in/hmassey,1744013403,1744288004,,[],[]
1f521d94-507c-43fe-a14d-b045d716347d,aimee33,Patty,Lawrence,Zambia,user,py,criley@example.com,email,381b7ff42468c9c6d991eafcc755c2830c725234,4af2c51499f4cc0717be3558ac77fa83194b4c49e81645d5511f18fd97725950,True,False,0e88ba38-dac5-45e7-a360-832619404562,True,False,82d2d3478b43d8ae49323a8fe84658c6414deb8e,https://picsum.photos/686/389,https://github.com/dennisdave,https://twitter.com/nathanjackson,https://linkedin.com/in/gcabrera,1743881745,1744288004,,[],[]
dcc07756-f793-4cbb-a76d-2e5cc583ec92,melissarobinson,Lisa,Walters,Vietnam,user,js,johnsoncynthia@example.net,google,01d6a203bbfb3673028bb41585ba9f53ce01c279,8d0deb7cae062fbc39f185191812863095d3697a105e1e0613990d9d7a8a3f4c,True,False,f9ccaa7b-71d2-4fd2-bbea-ee6bc6718b06,True,True,480909df8f8351efda9f0896d9e71ce24e9abab3,https://placekitten.com/398/378,https://github.com/mendozajessica,https://twitter.com/gilesandrew,https://linkedin.com/in/qoliver,1743801035,1744288004,,[],[]
bacdbe7d-f9fe-4d3a-a2d4-391622b7900e,walkerdeborah,Michael,White,Macao,user,py,gwilliams@example.net,email,85bcf861535f0073293f3e5959dcf3e6351745b1,e7e0ea14ef6a5373f4b0ec0700efd1310d22920ebb43224f030afc70433c5c89,True,False,f766a6c6-3a8f-47eb-850f-9aa52b8f299e,False,False,7a33b90c136036b66b38c6bd062f1620f18ccadd,https://placekitten.com/416/118,https://github.com/meganpeterson,https://twitter.com/david72,https://linkedin.com/in/ruizrobert,1743895362,1744288004,,[],[]
393c22fe-408c-4b27-866c-45980d808371,deborah64,Eric,Vazquez,Kuwait,user,js,rogersbrandon@example.com,google,49f935574828ce6e5ce5f93fc0c4255b5fb5e589,5552f1a918d9957252bc41f2be0ff93ffd29f609af9fb6fbdd1d9201709ca709,False,False,632548fd-8298-4da1-afb3-84f909aecf0f,False,True,ffaa548e6360cd1d3cc87979373bff6d85557d86,https://dummyimage.com/271x635,https://github.com/fpoole,https://twitter.com/wheelerholly,https://linkedin.com/in/johnwalsh,1744030466,1744288004,,[],[]
65785219-2e04-4535-9087-5331538bc633,rpage,Ashley,Perry,Iran,user,py,tbarton@example.org,google,276736e9c6d836d7adc8d89c34c79816a6d3035d,ccc646303ab237508275fe54954679a159eb4c85af33f2154ef236a0a248fc3d,False,False,c1ef8d9d-58f7-421c-8583-32ce3a719c72,False,False,372620f6b2b0415026c7fc7dddae449c7a9b2321,https://dummyimage.com/0x79,https://github.com/larry70,https://twitter.com/olopez,https://linkedin.com/in/monroedavid,1744112226,1744288004,,[],[]
cca7d9a0-628e-4cf5-aad7-e4b576d1a813,moraleserika,Leslie,Lewis,Saint Barthelemy,user,js,bairdemma@example.net,google,a0a1d5753aa04f56d973e031989d66f283a69434,1e7815e98b5dd43e4ddac7028ad4c073eee18d4da319fac0304184a4fd3e85c0,False,False,8d97e996-bf46-4e08-8360-aae4599b6434,True,True,ea962cffedf5b16898c0d3473de19f2dcae0182c,https://dummyimage.com/373x205,https://github.com/bburton,https://twitter.com/robin14,https://linkedin.com/in/desireeroth,1744045906,1744288004,,[],[]
e9f26879-69fe-4e21-8ea6-7b86475f6028,darin24,Melissa,Williams,Costa Rica,admin,go,angela59@example.org,github,ff98c7b32e5571226f7af88fed9ae5aeb250aee5,b824c2c8a4831dc8b8a421dbc2b2c1656134af62fa3dc0dbd14cc925248fe44a,False,False,17772a4e-761c-4ad0-9ad1-6400ed86fdc4,False,False,90b0965900f9f5a78afceb74fd05f4e0c43b1785,https://dummyimage.com/939x891,https://github.com/jaredmatthews,https://twitter.com/taylorjoseph,https://linkedin.com/in/kristine15,1743797760,1744288004,,[],[]
